Employee #,Date,Time In,Time Out
10001,06/03/24,8:05,17:00
10001,06/04/24,8:00,17:00
10001,06/05/24,8:00,17:00
10001,06/06/24,8:05,17:00
10001,06/07/24,8:00,17:00
10001,06/10/24,8:10,17:00
10001,06/11/24,8:05,17:00
10001,06/12/24,8:00,17:00
10001,06/13/24,8:00,17:00
10001,06/14/24,8:05,17:00
10001,06/17/24,8:10,17:00
10001,06/18/24,8:00,17:00
10001,06/19/24,8:05,17:00
10001,06/20/24,8:00,17:00
10001,06/21/24,8:00,17:00
10001,07/01/24,8:05,17:00
10001,07/02/24,8:00,17:00
10001,07/03/24,8:00,17:00
10001,07/04/24,8:05,17:00
10001,07/05/24,8:00,17:00
10001,07/08/24,8:10,17:00
10001,07/09/24,8:05,17:00
10001,07/10/24,8:00,17:00
10001,07/11/24,8:00,17:00
10001,07/12/24,8:05,17:00
10001,07/15/24,8:10,17:00
10001,07/16/24,8:00,17:00
10001,07/17/24,8:05,17:00
10001,07/18/24,8:00,17:00
10001,07/19/24,8:00,17:00
10001,08/01/24,8:05,17:00
10001,08/02/24,8:00,17:00
10001,08/05/24,8:00,17:00
10001,08/06/24,8:05,17:00
10001,08/07/24,8:00,17:00
10001,08/08/24,8:10,17:00
10001,08/09/24,8:05,17:00
10001,08/12/24,8:00,17:00
10001,08/13/24,8:00,17:00
10001,08/14/24,8:05,17:00
10001,08/15/24,8:10,17:00
10001,08/16/24,8:00,17:00
10001,08/19/24,8:05,17:00
10001,08/20/24,8:00,17:00
10001,08/21/24,8:00,17:00
10001,09/02/24,8:05,17:00
10001,09/03/24,8:00,17:00
10001,09/04/24,8:00,17:00
10001,09/05/24,8:05,17:00
10001,09/06/24,8:00,17:00
10001,09/09/24,8:10,17:00
10001,09/10/24,8:05,17:00
10001,09/11/24,8:00,17:00
10001,09/12/24,8:00,17:00
10001,09/13/24,8:05,17:00
10001,09/16/24,8:10,17:00
10001,09/17/24,8:00,17:00
10001,09/18/24,8:05,17:00
10001,09/19/24,8:00,17:00
10001,09/20/24,8:00,17:00
10001,10/01/24,8:05,17:00
10001,10/02/24,8:00,17:00
10001,10/03/24,8:00,17:00
10001,10/04/24,8:05,17:00
10001,10/07/24,8:00,17:00
10001,10/08/24,8:10,17:00
10001,10/09/24,8:05,17:00
10001,10/10/24,8:00,17:00
10001,10/11/24,8:00,17:00
10001,10/14/24,8:05,17:00
10001,10/15/24,8:10,17:00
10001,10/16/24,8:00,17:00
10001,10/17/24,8:05,17:00
10001,10/18/24,8:00,17:00
10001,10/21/24,8:00,17:00
10001,11/01/24,8:05,17:00
10001,11/04/24,8:00,17:00
10001,11/05/24,8:00,17:00
10001,11/06/24,8:05,17:00
10001,11/07/24,8:00,17:00
10001,11/08/24,8:10,17:00
10001,11/11/24,8:05,17:00
10001,11/12/24,8:00,17:00
10001,11/13/24,8:00,17:00
10001,11/14/24,8:05,17:00
10001,11/15/24,8:10,17:00
10001,11/18/24,8:00,17:00
10001,11/19/24,8:05,17:00
10001,11/20/24,8:00,17:00
10001,11/21/24,8:00,17:00
10001,12/02/24,8:05,17:00
10001,12/03/24,8:00,17:00
10001,12/04/24,8:00,17:00
10001,12/05/24,8:05,17:00
10001,12/06/24,8:00,17:00
10001,12/09/24,8:10,17:00
10001,12/10/24,8:05,17:00
10001,12/11/24,8:00,17:00
10001,12/12/24,8:00,17:00
10001,12/13/24,8:05,17:00
10001,12/16/24,8:10,17:00
10001,12/17/24,8:00,17:00
10001,12/18/24,8:05,17:00
10001,12/19/24,8:00,17:00
10001,12/20/24,8:00,17:00
10002,06/03/24,8:05,17:00
10002,06/04/24,8:00,17:00
10002,06/05/24,8:00,17:00
10002,06/06/24,8:05,17:00
10002,06/07/24,8:00,17:00
10002,06/10/24,8:10,17:00
10002,06/11/24,8:05,17:00
10002,06/12/24,8:00,17:00
10002,06/13/24,8:00,17:00
10002,06/14/24,8:05,17:00
10002,06/17/24,8:10,17:00
10002,06/18/24,8:00,17:00
10002,06/19/24,8:05,17:00
10002,06/20/24,8:00,17:00
10002,06/21/24,8:00,17:00
10002,07/01/24,8:05,17:00
10002,07/02/24,8:00,17:00
10002,07/03/24,8:00,17:00
10002,07/04/24,8:05,17:00
10002,07/05/24,8:00,17:00
10002,07/08/24,8:10,17:00
10002,07/09/24,8:05,17:00
10002,07/10/24,8:00,17:00
10002,07/11/24,8:00,17:00
10002,07/12/24,8:05,17:00
10002,07/15/24,8:10,17:00
10002,07/16/24,8:00,17:00
10002,07/17/24,8:05,17:00
10002,07/18/24,8:00,17:00
10002,07/19/24,8:00,17:00
10002,08/01/24,8:05,17:00
10002,08/02/24,8:00,17:00
10002,08/05/24,8:00,17:00
10002,08/06/24,8:05,17:00
10002,08/07/24,8:00,17:00
10002,08/08/24,8:10,17:00
10002,08/09/24,8:05,17:00
10002,08/12/24,8:00,17:00
10002,08/13/24,8:00,17:00
10002,08/14/24,8:05,17:00
10002,08/15/24,8:10,17:00
10002,08/16/24,8:00,17:00
10002,08/19/24,8:05,17:00
10002,08/20/24,8:00,17:00
10002,08/21/24,8:00,17:00
10002,09/02/24,8:05,17:00
10002,09/03/24,8:00,17:00
10002,09/04/24,8:00,17:00
10002,09/05/24,8:05,17:00
10002,09/06/24,8:00,17:00
10002,09/09/24,8:10,17:00
10002,09/10/24,8:05,17:00
10002,09/11/24,8:00,17:00
10002,09/12/24,8:00,17:00
10002,09/13/24,8:05,17:00
10002,09/16/24,8:10,17:00
10002,09/17/24,8:00,17:00
10002,09/18/24,8:05,17:00
10002,09/19/24,8:00,17:00
10002,09/20/24,8:00,17:00
10002,10/01/24,8:05,17:00
10002,10/02/24,8:00,17:00
10002,10/03/24,8:00,17:00
10002,10/04/24,8:05,17:00
10002,10/07/24,8:00,17:00
10002,10/08/24,8:10,17:00
10002,10/09/24,8:05,17:00
10002,10/10/24,8:00,17:00
10002,10/11/24,8:00,17:00
10002,10/14/24,8:05,17:00
10002,10/15/24,8:10,17:00
10002,10/16/24,8:00,17:00
10002,10/17/24,8:05,17:00
10002,10/18/24,8:00,17:00
10002,10/21/24,8:00,17:00
10002,11/01/24,8:05,17:00
10002,11/04/24,8:00,17:00
10002,11/05/24,8:00,17:00
10002,11/06/24,8:05,17:00
10002,11/07/24,8:00,17:00
10002,11/08/24,8:10,17:00
10002,11/11/24,8:05,17:00
10002,11/12/24,8:00,17:00
10002,11/13/24,8:00,17:00
10002,11/14/24,8:05,17:00
10002,11/15/24,8:10,17:00
10002,11/18/24,8:00,17:00
10002,11/19/24,8:05,17:00
10002,11/20/24,8:00,17:00
10002,11/21/24,8:00,17:00
10002,12/02/24,8:05,17:00
10002,12/03/24,8:00,17:00
10002,12/04/24,8:00,17:00
10002,12/05/24,8:05,17:00
10002,12/06/24,8:00,17:00
10002,12/09/24,8:10,17:00
10002,12/10/24,8:05,17:00
10002,12/11/24,8:00,17:00
10002,12/12/24,8:00,17:00
10002,12/13/24,8:05,17:00
10002,12/16/24,8:10,17:00
10002,12/17/24,8:00,17:00
10002,12/18/24,8:05,17:00
10002,12/19/24,8:00,17:00
10002,12/20/24,8:00,17:00
10003,06/03/24,8:05,17:00
10003,06/04/24,8:00,17:00
10003,06/05/24,8:00,17:00
10003,06/06/24,8:05,17:00
10003,06/07/24,8:00,17:00
10003,06/10/24,8:10,17:00
10003,06/11/24,8:05,17:00
10003,06/12/24,8:00,17:00
10003,06/13/24,8:00,17:00
10003,06/14/24,8:05,17:00
10003,06/17/24,8:10,17:00
10003,06/18/24,8:00,17:00
10003,06/19/24,8:05,17:00
10003,06/20/24,8:00,17:00
10003,06/21/24,8:00,17:00
10003,07/01/24,8:05,17:00
10003,07/02/24,8:00,17:00
10003,07/03/24,8:00,17:00
10003,07/04/24,8:05,17:00
10003,07/05/24,8:00,17:00
10003,07/08/24,8:10,17:00
10003,07/09/24,8:05,17:00
10003,07/10/24,8:00,17:00
10003,07/11/24,8:00,17:00
10003,07/12/24,8:05,17:00
10003,07/15/24,8:10,17:00
10003,07/16/24,8:00,17:00
10003,07/17/24,8:05,17:00
10003,07/18/24,8:00,17:00
10003,07/19/24,8:00,17:00
10003,08/01/24,8:05,17:00
10003,08/02/24,8:00,17:00
10003,08/05/24,8:00,17:00
10003,08/06/24,8:05,17:00
10003,08/07/24,8:00,17:00
10003,08/08/24,8:10,17:00
10003,08/09/24,8:05,17:00
10003,08/12/24,8:00,17:00
10003,08/13/24,8:00,17:00
10003,08/14/24,8:05,17:00
10003,08/15/24,8:10,17:00
10003,08/16/24,8:00,17:00
10003,08/19/24,8:05,17:00
10003,08/20/24,8:00,17:00
10003,08/21/24,8:00,17:00
10003,09/02/24,8:05,17:00
10003,09/03/24,8:00,17:00
10003,09/04/24,8:00,17:00
10003,09/05/24,8:05,17:00
10003,09/06/24,8:00,17:00
10003,09/09/24,8:10,17:00
10003,09/10/24,8:05,17:00
10003,09/11/24,8:00,17:00
10003,09/12/24,8:00,17:00
10003,09/13/24,8:05,17:00
10003,09/16/24,8:10,17:00
10003,09/17/24,8:00,17:00
10003,09/18/24,8:05,17:00
10003,09/19/24,8:00,17:00
10003,09/20/24,8:00,17:00
10003,10/01/24,8:05,17:00
10003,10/02/24,8:00,17:00
10003,10/03/24,8:00,17:00
10003,10/04/24,8:05,17:00
10003,10/07/24,8:00,17:00
10003,10/08/24,8:10,17:00
10003,10/09/24,8:05,17:00
10003,10/10/24,8:00,17:00
10003,10/11/24,8:00,17:00
10003,10/14/24,8:05,17:00
10003,10/15/24,8:10,17:00
10003,10/16/24,8:00,17:00
10003,10/17/24,8:05,17:00
10003,10/18/24,8:00,17:00
10003,10/21/24,8:00,17:00
10003,11/01/24,8:05,17:00
10003,11/04/24,8:00,17:00
10003,11/05/24,8:00,17:00
10003,11/06/24,8:05,17:00
10003,11/07/24,8:00,17:00
10003,11/08/24,8:10,17:00
10003,11/11/24,8:05,17:00
10003,11/12/24,8:00,17:00
10003,11/13/24,8:00,17:00
10003,11/14/24,8:05,17:00
10003,11/15/24,8:10,17:00
10003,11/18/24,8:00,17:00
10003,11/19/24,8:05,17:00
10003,11/20/24,8:00,17:00
10003,11/21/24,8:00,17:00
10003,12/02/24,8:05,17:00
10003,12/03/24,8:00,17:00
10003,12/04/24,8:00,17:00
10003,12/05/24,8:05,17:00
10003,12/06/24,8:00,17:00
10003,12/09/24,8:10,17:00
10003,12/10/24,8:05,17:00
10003,12/11/24,8:00,17:00
10003,12/12/24,8:00,17:00
10003,12/13/24,8:05,17:00
10003,12/16/24,8:10,17:00
10003,12/17/24,8:00,17:00
10003,12/18/24,8:05,17:00
10003,12/19/24,8:00,17:00
10003,12/20/24,8:00,17:00
10004,06/03/24,8:05,17:00
10004,06/04/24,8:00,17:00
10004,06/05/24,8:00,17:00
10004,06/06/24,8:05,17:00
10004,06/07/24,8:00,17:00
10004,06/10/24,8:10,17:00
10004,06/11/24,8:05,17:00
10004,06/12/24,8:00,17:00
10004,06/13/24,8:00,17:00
10004,06/14/24,8:05,17:00
10004,06/17/24,8:10,17:00
10004,06/18/24,8:00,17:00
10004,06/19/24,8:05,17:00
10004,06/20/24,8:00,17:00
10004,06/21/24,8:00,17:00
10004,07/01/24,8:05,17:00
10004,07/02/24,8:00,17:00
10004,07/03/24,8:00,17:00
10004,07/04/24,8:05,17:00
10004,07/05/24,8:00,17:00
10004,07/08/24,8:10,17:00
10004,07/09/24,8:05,17:00
10004,07/10/24,8:00,17:00
10004,07/11/24,8:00,17:00
10004,07/12/24,8:05,17:00
10004,07/15/24,8:10,17:00
10004,07/16/24,8:00,17:00
10004,07/17/24,8:05,17:00
10004,07/18/24,8:00,17:00
10004,07/19/24,8:00,17:00
10004,08/01/24,8:05,17:00
10004,08/02/24,8:00,17:00
10004,08/05/24,8:00,17:00
10004,08/06/24,8:05,17:00
10004,08/07/24,8:00,17:00
10004,08/08/24,8:10,17:00
10004,08/09/24,8:05,17:00
10004,08/12/24,8:00,17:00
10004,08/13/24,8:00,17:00
10004,08/14/24,8:05,17:00
10004,08/15/24,8:10,17:00
10004,08/16/24,8:00,17:00
10004,08/19/24,8:05,17:00
10004,08/20/24,8:00,17:00
10004,08/21/24,8:00,17:00
10004,09/02/24,8:05,17:00
10004,09/03/24,8:00,17:00
10004,09/04/24,8:00,17:00
10004,09/05/24,8:05,17:00
10004,09/06/24,8:00,17:00
10004,09/09/24,8:10,17:00
10004,09/10/24,8:05,17:00
10004,09/11/24,8:00,17:00
10004,09/12/24,8:00,17:00
10004,09/13/24,8:05,17:00
10004,09/16/24,8:10,17:00
10004,09/17/24,8:00,17:00
10004,09/18/24,8:05,17:00
10004,09/19/24,8:00,17:00
10004,09/20/24,8:00,17:00
10004,10/01/24,8:05,17:00
10004,10/02/24,8:00,17:00
10004,10/03/24,8:00,17:00
10004,10/04/24,8:05,17:00
10004,10/07/24,8:00,17:00
10004,10/08/24,8:10,17:00
10004,10/09/24,8:05,17:00
10004,10/10/24,8:00,17:00
10004,10/11/24,8:00,17:00
10004,10/14/24,8:05,17:00
10004,10/15/24,8:10,17:00
10004,10/16/24,8:00,17:00
10004,10/17/24,8:05,17:00
10004,10/18/24,8:00,17:00
10004,10/21/24,8:00,17:00
10004,11/01/24,8:05,17:00
10004,11/04/24,8:00,17:00
10004,11/05/24,8:00,17:00
10004,11/06/24,8:05,17:00
10004,11/07/24,8:00,17:00
10004,11/08/24,8:10,17:00
10004,11/11/24,8:05,17:00
10004,11/12/24,8:00,17:00
10004,11/13/24,8:00,17:00
10004,11/14/24,8:05,17:00
10004,11/15/24,8:10,17:00
10004,11/18/24,8:00,17:00
10004,11/19/24,8:05,17:00
10004,11/20/24,8:00,17:00
10004,11/21/24,8:00,17:00
10004,12/02/24,8:05,17:00
10004,12/03/24,8:00,17:00
10004,12/04/24,8:00,17:00
10004,12/05/24,8:05,17:00
10004,12/06/24,8:00,17:00
10004,12/09/24,8:10,17:00
10004,12/10/24,8:05,17:00
10004,12/11/24,8:00,17:00
10004,12/12/24,8:00,17:00
10004,12/13/24,8:05,17:00
10004,12/16/24,8:10,17:00
10004,12/17/24,8:00,17:00
10004,12/18/24,8:05,17:00
10004,12/19/24,8:00,17:00
10004,12/20/24,8:00,17:00
10005,06/03/24,8:05,17:00
10005,06/04/24,8:00,17:00
10005,06/05/24,8:00,17:00
10005,06/06/24,8:05,17:00
10005,06/07/24,8:00,17:00
10005,06/10/24,8:10,17:00
10005,06/11/24,8:05,17:00
10005,06/12/24,8:00,17:00
10005,06/13/24,8:00,17:00
10005,06/14/24,8:05,17:00
10005,06/17/24,8:10,17:00
10005,06/18/24,8:00,17:00
10005,06/19/24,8:05,17:00
10005,06/20/24,8:00,17:00
10005,06/21/24,8:00,17:00
10005,07/01/24,8:05,17:00
10005,07/02/24,8:00,17:00
10005,07/03/24,8:00,17:00
10005,07/04/24,8:05,17:00
10005,07/05/24,8:00,17:00
10005,07/08/24,8:10,17:00
10005,07/09/24,8:05,17:00
10005,07/10/24,8:00,17:00
10005,07/11/24,8:00,17:00
10005,07/12/24,8:05,17:00
10005,07/15/24,8:10,17:00
10005,07/16/24,8:00,17:00
10005,07/17/24,8:05,17:00
10005,07/18/24,8:00,17:00
10005,07/19/24,8:00,17:00
10005,08/01/24,8:05,17:00
10005,08/02/24,8:00,17:00
10005,08/05/24,8:00,17:00
10005,08/06/24,8:05,17:00
10005,08/07/24,8:00,17:00
10005,08/08/24,8:10,17:00
10005,08/09/24,8:05,17:00
10005,08/12/24,8:00,17:00
10005,08/13/24,8:00,17:00
10005,08/14/24,8:05,17:00
10005,08/15/24,8:10,17:00
10005,08/16/24,8:00,17:00
10005,08/19/24,8:05,17:00
10005,08/20/24,8:00,17:00
10005,08/21/24,8:00,17:00
10005,09/02/24,8:05,17:00
10005,09/03/24,8:00,17:00
10005,09/04/24,8:00,17:00
10005,09/05/24,8:05,17:00
10005,09/06/24,8:00,17:00
10005,09/09/24,8:10,17:00
10005,09/10/24,8:05,17:00
10005,09/11/24,8:00,17:00
10005,09/12/24,8:00,17:00
10005,09/13/24,8:05,17:00
10005,09/16/24,8:10,17:00
10005,09/17/24,8:00,17:00
10005,09/18/24,8:05,17:00
10005,09/19/24,8:00,17:00
10005,09/20/24,8:00,17:00
10005,10/01/24,8:05,17:00
10005,10/02/24,8:00,17:00
10005,10/03/24,8:00,17:00
10005,10/04/24,8:05,17:00
10005,10/07/24,8:00,17:00
10005,10/08/24,8:10,17:00
10005,10/09/24,8:05,17:00
10005,10/10/24,8:00,17:00
10005,10/11/24,8:00,17:00
10005,10/14/24,8:05,17:00
10005,10/15/24,8:10,17:00
10005,10/16/24,8:00,17:00
10005,10/17/24,8:05,17:00
10005,10/18/24,8:00,17:00
10005,10/21/24,8:00,17:00
10005,11/01/24,8:05,17:00
10005,11/04/24,8:00,17:00
10005,11/05/24,8:00,17:00
10005,11/06/24,8:05,17:00
10005,11/07/24,8:00,17:00
10005,11/08/24,8:10,17:00
10005,11/11/24,8:05,17:00
10005,11/12/24,8:00,17:00
10005,11/13/24,8:00,17:00
10005,11/14/24,8:05,17:00
10005,11/15/24,8:10,17:00
10005,11/18/24,8:00,17:00
10005,11/19/24,8:05,17:00
10005,11/20/24,8:00,17:00
10005,11/21/24,8:00,17:00
10005,12/02/24,8:05,17:00
10005,12/03/24,8:00,17:00
10005,12/04/24,8:00,17:00
10005,12/05/24,8:05,17:00
10005,12/06/24,8:00,17:00
10005,12/09/24,8:10,17:00
10005,12/10/24,8:05,17:00
10005,12/11/24,8:00,17:00
10005,12/12/24,8:00,17:00
10005,12/13/24,8:05,17:00
10005,12/16/24,8:10,17:00
10005,12/17/24,8:00,17:00
10005,12/18/24,8:05,17:00
10005,12/19/24,8:00,17:00
10005,12/20/24,8:00,17:00
10006,06/03/24,8:05,17:00
10006,06/04/24,8:00,17:00
10006,06/05/24,8:00,17:00
10006,06/06/24,8:05,17:00
10006,06/07/24,8:00,17:00
10006,06/10/24,8:10,17:00
10006,06/11/24,8:05,17:00
10006,06/12/24,8:00,17:00
10006,06/13/24,8:00,17:00
10006,06/14/24,8:05,17:00
10006,06/17/24,8:10,17:00
10006,06/18/24,8:00,17:00
10006,06/19/24,8:05,17:00
10006,06/20/24,8:00,17:00
10006,06/21/24,8:00,17:00
10006,07/01/24,8:05,17:00
10006,07/02/24,8:00,17:00
10006,07/03/24,8:00,17:00
10006,07/04/24,8:05,17:00
10006,07/05/24,8:00,17:00
10006,07/08/24,8:10,17:00
10006,07/09/24,8:05,17:00
10006,07/10/24,8:00,17:00
10006,07/11/24,8:00,17:00
10006,07/12/24,8:05,17:00
10006,07/15/24,8:10,17:00
10006,07/16/24,8:00,17:00
10006,07/17/24,8:05,17:00
10006,07/18/24,8:00,17:00
10006,07/19/24,8:00,17:00
10006,08/01/24,8:05,17:00
10006,08/02/24,8:00,17:00
10006,08/05/24,8:00,17:00
10006,08/06/24,8:05,17:00
10006,08/07/24,8:00,17:00
10006,08/08/24,8:10,17:00
10006,08/09/24,8:05,17:00
10006,08/12/24,8:00,17:00
10006,08/13/24,8:00,17:00
10006,08/14/24,8:05,17:00
10006,08/15/24,8:10,17:00
10006,08/16/24,8:00,17:00
10006,08/19/24,8:05,17:00
10006,08/20/24,8:00,17:00
10006,08/21/24,8:00,17:00
10006,09/02/24,8:05,17:00
10006,09/03/24,8:00,17:00
10006,09/04/24,8:00,17:00
10006,09/05/24,8:05,17:00
10006,09/06/24,8:00,17:00
10006,09/09/24,8:10,17:00
10006,09/10/24,8:05,17:00
10006,09/11/24,8:00,17:00
10006,09/12/24,8:00,17:00
10006,09/13/24,8:05,17:00
10006,09/16/24,8:10,17:00
10006,09/17/24,8:00,17:00
10006,09/18/24,8:05,17:00
10006,09/19/24,8:00,17:00
10006,09/20/24,8:00,17:00
10006,10/01/24,8:05,17:00
10006,10/02/24,8:00,17:00
10006,10/03/24,8:00,17:00
10006,10/04/24,8:05,17:00
10006,10/07/24,8:00,17:00
10006,10/08/24,8:10,17:00
10006,10/09/24,8:05,17:00
10006,10/10/24,8:00,17:00
10006,10/11/24,8:00,17:00
10006,10/14/24,8:05,17:00
10006,10/15/24,8:10,17:00
10006,10/16/24,8:00,17:00
10006,10/17/24,8:05,17:00
10006,10/18/24,8:00,17:00
10006,10/21/24,8:00,17:00
10006,11/01/24,8:05,17:00
10006,11/04/24,8:00,17:00
10006,11/05/24,8:00,17:00
10006,11/06/24,8:05,17:00
10006,11/07/24,8:00,17:00
10006,11/08/24,8:10,17:00
10006,11/11/24,8:05,17:00
10006,11/12/24,8:00,17:00
10006,11/13/24,8:00,17:00
10006,11/14/24,8:05,17:00
10006,11/15/24,8:10,17:00
10006,11/18/24,8:00,17:00
10006,11/19/24,8:05,17:00
10006,11/20/24,8:00,17:00
10006,11/21/24,8:00,17:00
10006,12/02/24,8:05,17:00
10006,12/03/24,8:00,17:00
10006,12/04/24,8:00,17:00
10006,12/05/24,8:05,17:00
10006,12/06/24,8:00,17:00
10006,12/09/24,8:10,17:00
10006,12/10/24,8:05,17:00
10006,12/11/24,8:00,17:00
10006,12/12/24,8:00,17:00
10006,12/13/24,8:05,17:00
10006,12/16/24,8:10,17:00
10006,12/17/24,8:00,17:00
10006,12/18/24,8:05,17:00
10006,12/19/24,8:00,17:00
10006,12/20/24,8:00,17:00
10007,06/03/24,8:05,17:00
10007,06/04/24,8:00,17:00
10007,06/05/24,8:00,17:00
10007,06/06/24,8:05,17:00
10007,06/07/24,8:00,17:00
10007,06/10/24,8:10,17:00
10007,06/11/24,8:05,17:00
10007,06/12/24,8:00,17:00
10007,06/13/24,8:00,17:00
10007,06/14/24,8:05,17:00
10007,06/17/24,8:10,17:00
10007,06/18/24,8:00,17:00
10007,06/19/24,8:05,17:00
10007,06/20/24,8:00,17:00
10007,06/21/24,8:00,17:00
10007,07/01/24,8:05,17:00
10007,07/02/24,8:00,17:00
10007,07/03/24,8:00,17:00
10007,07/04/24,8:05,17:00
10007,07/05/24,8:00,17:00
10007,07/08/24,8:10,17:00
10007,07/09/24,8:05,17:00
10007,07/10/24,8:00,17:00
10007,07/11/24,8:00,17:00
10007,07/12/24,8:05,17:00
10007,07/15/24,8:10,17:00
10007,07/16/24,8:00,17:00
10007,07/17/24,8:05,17:00
10007,07/18/24,8:00,17:00
10007,07/19/24,8:00,17:00
10007,08/01/24,8:05,17:00
10007,08/02/24,8:00,17:00
10007,08/05/24,8:00,17:00
10007,08/06/24,8:05,17:00
10007,08/07/24,8:00,17:00
10007,08/08/24,8:10,17:00
10007,08/09/24,8:05,17:00
10007,08/12/24,8:00,17:00
10007,08/13/24,8:00,17:00
10007,08/14/24,8:05,17:00
10007,08/15/24,8:10,17:00
10007,08/16/24,8:00,17:00
10007,08/19/24,8:05,17:00
10007,08/20/24,8:00,17:00
10007,08/21/24,8:00,17:00
10007,09/02/24,8:05,17:00
10007,09/03/24,8:00,17:00
10007,09/04/24,8:00,17:00
10007,09/05/24,8:05,17:00
10007,09/06/24,8:00,17:00
10007,09/09/24,8:10,17:00
10007,09/10/24,8:05,17:00
10007,09/11/24,8:00,17:00
10007,09/12/24,8:00,17:00
10007,09/13/24,8:05,17:00
10007,09/16/24,8:10,17:00
10007,09/17/24,8:00,17:00
10007,09/18/24,8:05,17:00
10007,09/19/24,8:00,17:00
10007,09/20/24,8:00,17:00
10007,10/01/24,8:05,17:00
10007,10/02/24,8:00,17:00
10007,10/03/24,8:00,17:00
10007,10/04/24,8:05,17:00
10007,10/07/24,8:00,17:00
10007,10/08/24,8:10,17:00
10007,10/09/24,8:05,17:00
10007,10/10/24,8:00,17:00
10007,10/11/24,8:00,17:00
10007,10/14/24,8:05,17:00
10007,10/15/24,8:10,17:00
10007,10/16/24,8:00,17:00
10007,10/17/24,8:05,17:00
10007,10/18/24,8:00,17:00
10007,10/21/24,8:00,17:00
10007,11/01/24,8:05,17:00
10007,11/04/24,8:00,17:00
10007,11/05/24,8:00,17:00
10007,11/06/24,8:05,17:00
10007,11/07/24,8:00,17:00
10007,11/08/24,8:10,17:00
10007,11/11/24,8:05,17:00
10007,11/12/24,8:00,17:00
10007,11/13/24,8:00,17:00
10007,11/14/24,8:05,17:00
10007,11/15/24,8:10,17:00
10007,11/18/24,8:00,17:00
10007,11/19/24,8:05,17:00
10007,11/20/24,8:00,17:00
10007,11/21/24,8:00,17:00
10007,12/02/24,8:05,17:00
10007,12/03/24,8:00,17:00
10007,12/04/24,8:00,17:00
10007,12/05/24,8:05,17:00
10007,12/06/24,8:00,17:00
10007,12/09/24,8:10,17:00
10007,12/10/24,8:05,17:00
10007,12/11/24,8:00,17:00
10007,12/12/24,8:00,17:00
10007,12/13/24,8:05,17:00
10007,12/16/24,8:10,17:00
10007,12/17/24,8:00,17:00
10007,12/18/24,8:05,17:00
10007,12/19/24,8:00,17:00
10007,12/20/24,8:00,17:00
10008,06/03/24,8:05,17:00
10008,06/04/24,8:00,17:00
10008,06/05/24,8:00,17:00
10008,06/06/24,8:05,17:00
10008,06/07/24,8:00,17:00
10008,06/10/24,8:10,17:00
10008,06/11/24,8:05,17:00
10008,06/12/24,8:00,17:00
10008,06/13/24,8:00,17:00
10008,06/14/24,8:05,17:00
10008,06/17/24,8:10,17:00
10008,06/18/24,8:00,17:00
10008,06/19/24,8:05,17:00
10008,06/20/24,8:00,17:00
10008,06/21/24,8:00,17:00
10008,07/01/24,8:05,17:00
10008,07/02/24,8:00,17:00
10008,07/03/24,8:00,17:00
10008,07/04/24,8:05,17:00
10008,07/05/24,8:00,17:00
10008,07/08/24,8:10,17:00
10008,07/09/24,8:05,17:00
10008,07/10/24,8:00,17:00
10008,07/11/24,8:00,17:00
10008,07/12/24,8:05,17:00
10008,07/15/24,8:10,17:00
10008,07/16/24,8:00,17:00
10008,07/17/24,8:05,17:00
10008,07/18/24,8:00,17:00
10008,07/19/24,8:00,17:00
10008,08/01/24,8:05,17:00
10008,08/02/24,8:00,17:00
10008,08/05/24,8:00,17:00
10008,08/06/24,8:05,17:00
10008,08/07/24,8:00,17:00
10008,08/08/24,8:10,17:00
10008,08/09/24,8:05,17:00
10008,08/12/24,8:00,17:00
10008,08/13/24,8:00,17:00
10008,08/14/24,8:05,17:00
10008,08/15/24,8:10,17:00
10008,08/16/24,8:00,17:00
10008,08/19/24,8:05,17:00
10008,08/20/24,8:00,17:00
10008,08/21/24,8:00,17:00
10008,09/02/24,8:05,17:00
10008,09/03/24,8:00,17:00
10008,09/04/24,8:00,17:00
10008,09/05/24,8:05,17:00
10008,09/06/24,8:00,17:00
10008,09/09/24,8:10,17:00
10008,09/10/24,8:05,17:00
10008,09/11/24,8:00,17:00
10008,09/12/24,8:00,17:00
10008,09/13/24,8:05,17:00
10008,09/16/24,8:10,17:00
10008,09/17/24,8:00,17:00
10008,09/18/24,8:05,17:00
10008,09/19/24,8:00,17:00
10008,09/20/24,8:00,17:00
10008,10/01/24,8:05,17:00
10008,10/02/24,8:00,17:00
10008,10/03/24,8:00,17:00
10008,10/04/24,8:05,17:00
10008,10/07/24,8:00,17:00
10008,10/08/24,8:10,17:00
10008,10/09/24,8:05,17:00
10008,10/10/24,8:00,17:00
10008,10/11/24,8:00,17:00
10008,10/14/24,8:05,17:00
10008,10/15/24,8:10,17:00
10008,10/16/24,8:00,17:00
10008,10/17/24,8:05,17:00
10008,10/18/24,8:00,17:00
10008,10/21/24,8:00,17:00
10008,11/01/24,8:05,17:00
10008,11/04/24,8:00,17:00
10008,11/05/24,8:00,17:00
10008,11/06/24,8:05,17:00
10008,11/07/24,8:00,17:00
10008,11/08/24,8:10,17:00
10008,11/11/24,8:05,17:00
10008,11/12/24,8:00,17:00
10008,11/13/24,8:00,17:00
10008,11/14/24,8:05,17:00
10008,11/15/24,8:10,17:00
10008,11/18/24,8:00,17:00
10008,11/19/24,8:05,17:00
10008,11/20/24,8:00,17:00
10008,11/21/24,8:00,17:00
10008,12/02/24,8:05,17:00
10008,12/03/24,8:00,17:00
10008,12/04/24,8:00,17:00
10008,12/05/24,8:05,17:00
10008,12/06/24,8:00,17:00
10008,12/09/24,8:10,17:00
10008,12/10/24,8:05,17:00
10008,12/11/24,8:00,17:00
10008,12/12/24,8:00,17:00
10008,12/13/24,8:05,17:00
10008,12/16/24,8:10,17:00
10008,12/17/24,8:00,17:00
10008,12/18/24,8:05,17:00
10008,12/19/24,8:00,17:00
10008,12/20/24,8:00,17:00
10009,06/03/24,8:05,17:00
10009,06/04/24,8:00,17:00
10009,06/05/24,8:00,17:00
10009,06/06/24,8:05,17:00
10009,06/07/24,8:00,17:00
10009,06/10/24,8:10,17:00
10009,06/11/24,8:05,17:00
10009,06/12/24,8:00,17:00
10009,06/13/24,8:00,17:00
10009,06/14/24,8:05,17:00
10009,06/17/24,8:10,17:00
10009,06/18/24,8:00,17:00
10009,06/19/24,8:05,17:00
10009,06/20/24,8:00,17:00
10009,06/21/24,8:00,17:00
10009,07/01/24,8:05,17:00
10009,07/02/24,8:00,17:00
10009,07/03/24,8:00,17:00
10009,07/04/24,8:05,17:00
10009,07/05/24,8:00,17:00
10009,07/08/24,8:10,17:00
10009,07/09/24,8:05,17:00
10009,07/10/24,8:00,17:00
10009,07/11/24,8:00,17:00
10009,07/12/24,8:05,17:00
10009,07/15/24,8:10,17:00
10009,07/16/24,8:00,17:00
10009,07/17/24,8:05,17:00
10009,07/18/24,8:00,17:00
10009,07/19/24,8:00,17:00
10009,08/01/24,8:05,17:00
10009,08/02/24,8:00,17:00
10009,08/05/24,8:00,17:00
10009,08/06/24,8:05,17:00
10009,08/07/24,8:00,17:00
10009,08/08/24,8:10,17:00
10009,08/09/24,8:05,17:00
10009,08/12/24,8:00,17:00
10009,08/13/24,8:00,17:00
10009,08/14/24,8:05,17:00
10009,08/15/24,8:10,17:00
10009,08/16/24,8:00,17:00
10009,08/19/24,8:05,17:00
10009,08/20/24,8:00,17:00
10009,08/21/24,8:00,17:00
10009,09/02/24,8:05,17:00
10009,09/03/24,8:00,17:00
10009,09/04/24,8:00,17:00
10009,09/05/24,8:05,17:00
10009,09/06/24,8:00,17:00
10009,09/09/24,8:10,17:00
10009,09/10/24,8:05,17:00
10009,09/11/24,8:00,17:00
10009,09/12/24,8:00,17:00
10009,09/13/24,8:05,17:00
10009,09/16/24,8:10,17:00
10009,09/17/24,8:00,17:00
10009,09/18/24,8:05,17:00
10009,09/19/24,8:00,17:00
10009,09/20/24,8:00,17:00
10009,10/01/24,8:05,17:00
10009,10/02/24,8:00,17:00
10009,10/03/24,8:00,17:00
10009,10/04/24,8:05,17:00
10009,10/07/24,8:00,17:00
10009,10/08/24,8:10,17:00
10009,10/09/24,8:05,17:00
10009,10/10/24,8:00,17:00
10009,10/11/24,8:00,17:00
10009,10/14/24,8:05,17:00
10009,10/15/24,8:10,17:00
10009,10/16/24,8:00,17:00
10009,10/17/24,8:05,17:00
10009,10/18/24,8:00,17:00
10009,10/21/24,8:00,17:00
10009,11/01/24,8:05,17:00
10009,11/04/24,8:00,17:00
10009,11/05/24,8:00,17:00
10009,11/06/24,8:05,17:00
10009,11/07/24,8:00,17:00
10009,11/08/24,8:10,17:00
10009,11/11/24,8:05,17:00
10009,11/12/24,8:00,17:00
10009,11/13/24,8:00,17:00
10009,11/14/24,8:05,17:00
10009,11/15/24,8:10,17:00
10009,11/18/24,8:00,17:00
10009,11/19/24,8:05,17:00
10009,11/20/24,8:00,17:00
10009,11/21/24,8:00,17:00
10009,12/02/24,8:05,17:00
10009,12/03/24,8:00,17:00
10009,12/04/24,8:00,17:00
10009,12/05/24,8:05,17:00
10009,12/06/24,8:00,17:00
10009,12/09/24,8:10,17:00
10009,12/10/24,8:05,17:00
10009,12/11/24,8:00,17:00
10009,12/12/24,8:00,17:00
10009,12/13/24,8:05,17:00
10009,12/16/24,8:10,17:00
10009,12/17/24,8:00,17:00
10009,12/18/24,8:05,17:00
10009,12/19/24,8:00,17:00
10009,12/20/24,8:00,17:00
10010,06/03/24,8:05,17:00
10010,06/04/24,8:00,17:00
10010,06/05/24,8:00,17:00
10010,06/06/24,8:05,17:00
10010,06/07/24,8:00,17:00
10010,06/10/24,8:10,17:00
10010,06/11/24,8:05,17:00
10010,06/12/24,8:00,17:00
10010,06/13/24,8:00,17:00
10010,06/14/24,8:05,17:00
10010,06/17/24,8:10,17:00
10010,06/18/24,8:00,17:00
10010,06/19/24,8:05,17:00
10010,06/20/24,8:00,17:00
10010,06/21/24,8:00,17:00
10010,07/01/24,8:05,17:00
10010,07/02/24,8:00,17:00
10010,07/03/24,8:00,17:00
10010,07/04/24,8:05,17:00
10010,07/05/24,8:00,17:00
10010,07/08/24,8:10,17:00
10010,07/09/24,8:05,17:00
10010,07/10/24,8:00,17:00
10010,07/11/24,8:00,17:00
10010,07/12/24,8:05,17:00
10010,07/15/24,8:10,17:00
10010,07/16/24,8:00,17:00
10010,07/17/24,8:05,17:00
10010,07/18/24,8:00,17:00
10010,07/19/24,8:00,17:00
10010,08/01/24,8:05,17:00
10010,08/02/24,8:00,17:00
10010,08/05/24,8:00,17:00
10010,08/06/24,8:05,17:00
10010,08/07/24,8:00,17:00
10010,08/08/24,8:10,17:00
10010,08/09/24,8:05,17:00
10010,08/12/24,8:00,17:00
10010,08/13/24,8:00,17:00
10010,08/14/24,8:05,17:00
10010,08/15/24,8:10,17:00
10010,08/16/24,8:00,17:00
10010,08/19/24,8:05,17:00
10010,08/20/24,8:00,17:00
10010,08/21/24,8:00,17:00
10010,09/02/24,8:05,17:00
10010,09/03/24,8:00,17:00
10010,09/04/24,8:00,17:00
10010,09/05/24,8:05,17:00
10010,09/06/24,8:00,17:00
10010,09/09/24,8:10,17:00
10010,09/10/24,8:05,17:00
10010,09/11/24,8:00,17:00
10010,09/12/24,8:00,17:00
10010,09/13/24,8:05,17:00
10010,09/16/24,8:10,17:00
10010,09/17/24,8:00,17:00
10010,09/18/24,8:05,17:00
10010,09/19/24,8:00,17:00
10010,09/20/24,8:00,17:00
10010,10/01/24,8:05,17:00
10010,10/02/24,8:00,17:00
10010,10/03/24,8:00,17:00
10010,10/04/24,8:05,17:00
10010,10/07/24,8:00,17:00
10010,10/08/24,8:10,17:00
10010,10/09/24,8:05,17:00
10010,10/10/24,8:00,17:00
10010,10/11/24,8:00,17:00
10010,10/14/24,8:05,17:00
10010,10/15/24,8:10,17:00
10010,10/16/24,8:00,17:00
10010,10/17/24,8:05,17:00
10010,10/18/24,8:00,17:00
10010,10/21/24,8:00,17:00
10010,11/01/24,8:05,17:00
10010,11/04/24,8:00,17:00
10010,11/05/24,8:00,17:00
10010,11/06/24,8:05,17:00
10010,11/07/24,8:00,17:00
10010,11/08/24,8:10,17:00
10010,11/11/24,8:05,17:00
10010,11/12/24,8:00,17:00
10010,11/13/24,8:00,17:00
10010,11/14/24,8:05,17:00
10010,11/15/24,8:10,17:00
10010,11/18/24,8:00,17:00
10010,11/19/24,8:05,17:00
10010,11/20/24,8:00,17:00
10010,11/21/24,8:00,17:00
10010,12/02/24,8:05,17:00
10010,12/03/24,8:00,17:00
10010,12/04/24,8:00,17:00
10010,12/05/24,8:05,17:00
10010,12/06/24,8:00,17:00
10010,12/09/24,8:10,17:00
10010,12/10/24,8:05,17:00
10010,12/11/24,8:00,17:00
10010,12/12/24,8:00,17:00
10010,12/13/24,8:05,17:00
10010,12/16/24,8:10,17:00
10010,12/17/24,8:00,17:00
10010,12/18/24,8:05,17:00
10010,12/19/24,8:00,17:00
10010,12/20/24,8:00,17:00
10011,06/03/24,8:05,17:00
10011,06/04/24,8:00,17:00
10011,06/05/24,8:00,17:00
10011,06/06/24,8:05,17:00
10011,06/07/24,8:00,17:00
10011,06/10/24,8:10,17:00
10011,06/11/24,8:05,17:00
10011,06/12/24,8:00,17:00
10011,06/13/24,8:00,17:00
10011,06/14/24,8:05,17:00
10011,06/17/24,8:10,17:00
10011,06/18/24,8:00,17:00
10011,06/19/24,8:05,17:00
10011,06/20/24,8:00,17:00
10011,06/21/24,8:00,17:00
10011,07/01/24,8:05,17:00
10011,07/02/24,8:00,17:00
10011,07/03/24,8:00,17:00
10011,07/04/24,8:05,17:00
10011,07/05/24,8:00,17:00
10011,07/08/24,8:10,17:00
10011,07/09/24,8:05,17:00
10011,07/10/24,8:00,17:00
10011,07/11/24,8:00,17:00
10011,07/12/24,8:05,17:00
10011,07/15/24,8:10,17:00
10011,07/16/24,8:00,17:00
10011,07/17/24,8:05,17:00
10011,07/18/24,8:00,17:00
10011,07/19/24,8:00,17:00
10011,08/01/24,8:05,17:00
10011,08/02/24,8:00,17:00
10011,08/05/24,8:00,17:00
10011,08/06/24,8:05,17:00
10011,08/07/24,8:00,17:00
10011,08/08/24,8:10,17:00
10011,08/09/24,8:05,17:00
10011,08/12/24,8:00,17:00
10011,08/13/24,8:00,17:00
10011,08/14/24,8:05,17:00
10011,08/15/24,8:10,17:00
10011,08/16/24,8:00,17:00
10011,08/19/24,8:05,17:00
10011,08/20/24,8:00,17:00
10011,08/21/24,8:00,17:00
10011,09/02/24,8:05,17:00
10011,09/03/24,8:00,17:00
10011,09/04/24,8:00,17:00
10011,09/05/24,8:05,17:00
10011,09/06/24,8:00,17:00
10011,09/09/24,8:10,17:00
10011,09/10/24,8:05,17:00
10011,09/11/24,8:00,17:00
10011,09/12/24,8:00,17:00
10011,09/13/24,8:05,17:00
10011,09/16/24,8:10,17:00
10011,09/17/24,8:00,17:00
10011,09/18/24,8:05,17:00
10011,09/19/24,8:00,17:00
10011,09/20/24,8:00,17:00
10011,10/01/24,8:05,17:00
10011,10/02/24,8:00,17:00
10011,10/03/24,8:00,17:00
10011,10/04/24,8:05,17:00
10011,10/07/24,8:00,17:00
10011,10/08/24,8:10,17:00
10011,10/09/24,8:05,17:00
10011,10/10/24,8:00,17:00
10011,10/11/24,8:00,17:00
10011,10/14/24,8:05,17:00
10011,10/15/24,8:10,17:00
10011,10/16/24,8:00,17:00
10011,10/17/24,8:05,17:00
10011,10/18/24,8:00,17:00
10011,10/21/24,8:00,17:00
10011,11/01/24,8:05,17:00
10011,11/04/24,8:00,17:00
10011,11/05/24,8:00,17:00
10011,11/06/24,8:05,17:00
10011,11/07/24,8:00,17:00
10011,11/08/24,8:10,17:00
10011,11/11/24,8:05,17:00
10011,11/12/24,8:00,17:00
10011,11/13/24,8:00,17:00
10011,11/14/24,8:05,17:00
10011,11/15/24,8:10,17:00
10011,11/18/24,8:00,17:00
10011,11/19/24,8:05,17:00
10011,11/20/24,8:00,17:00
10011,11/21/24,8:00,17:00
10011,12/02/24,8:05,17:00
10011,12/03/24,8:00,17:00
10011,12/04/24,8:00,17:00
10011,12/05/24,8:05,17:00
10011,12/06/24,8:00,17:00
10011,12/09/24,8:10,17:00
10011,12/10/24,8:05,17:00
10011,12/11/24,8:00,17:00
10011,12/12/24,8:00,17:00
10011,12/13/24,8:05,17:00
10011,12/16/24,8:10,17:00
10011,12/17/24,8:00,17:00
10011,12/18/24,8:05,17:00
10011,12/19/24,8:00,17:00
10011,12/20/24,8:00,17:00
10012,06/03/24,8:05,17:00
10012,06/04/24,8:00,17:00
10012,06/05/24,8:00,17:00
10012,06/06/24,8:05,17:00
10012,06/07/24,8:00,17:00
10012,06/10/24,8:10,17:00
10012,06/11/24,8:05,17:00
10012,06/12/24,8:00,17:00
10012,06/13/24,8:00,17:00
10012,06/14/24,8:05,17:00
10012,06/17/24,8:10,17:00
10012,06/18/24,8:00,17:00
10012,06/19/24,8:05,17:00
10012,06/20/24,8:00,17:00
10012,06/21/24,8:00,17:00
10012,07/01/24,8:05,17:00
10012,07/02/24,8:00,17:00
10012,07/03/24,8:00,17:00
10012,07/04/24,8:05,17:00
10012,07/05/24,8:00,17:00
10012,07/08/24,8:10,17:00
10012,07/09/24,8:05,17:00
10012,07/10/24,8:00,17:00
10012,07/11/24,8:00,17:00
10012,07/12/24,8:05,17:00
10012,07/15/24,8:10,17:00
10012,07/16/24,8:00,17:00
10012,07/17/24,8:05,17:00
10012,07/18/24,8:00,17:00
10012,07/19/24,8:00,17:00
10012,08/01/24,8:05,17:00
10012,08/02/24,8:00,17:00
10012,08/05/24,8:00,17:00
10012,08/06/24,8:05,17:00
10012,08/07/24,8:00,17:00
10012,08/08/24,8:10,17:00
10012,08/09/24,8:05,17:00
10012,08/12/24,8:00,17:00
10012,08/13/24,8:00,17:00
10012,08/14/24,8:05,17:00
10012,08/15/24,8:10,17:00
10012,08/16/24,8:00,17:00
10012,08/19/24,8:05,17:00
10012,08/20/24,8:00,17:00
10012,08/21/24,8:00,17:00
10012,09/02/24,8:05,17:00
10012,09/03/24,8:00,17:00
10012,09/04/24,8:00,17:00
10012,09/05/24,8:05,17:00
10012,09/06/24,8:00,17:00
10012,09/09/24,8:10,17:00
10012,09/10/24,8:05,17:00
10012,09/11/24,8:00,17:00
10012,09/12/24,8:00,17:00
10012,09/13/24,8:05,17:00
10012,09/16/24,8:10,17:00
10012,09/17/24,8:00,17:00
10012,09/18/24,8:05,17:00
10012,09/19/24,8:00,17:00
10012,09/20/24,8:00,17:00
10012,10/01/24,8:05,17:00
10012,10/02/24,8:00,17:00
10012,10/03/24,8:00,17:00
10012,10/04/24,8:05,17:00
10012,10/07/24,8:00,17:00
10012,10/08/24,8:10,17:00
10012,10/09/24,8:05,17:00
10012,10/10/24,8:00,17:00
10012,10/11/24,8:00,17:00
10012,10/14/24,8:05,17:00
10012,10/15/24,8:10,17:00
10012,10/16/24,8:00,17:00
10012,10/17/24,8:05,17:00
10012,10/18/24,8:00,17:00
10012,10/21/24,8:00,17:00
10012,11/01/24,8:05,17:00
10012,11/04/24,8:00,17:00
10012,11/05/24,8:00,17:00
10012,11/06/24,8:05,17:00
10012,11/07/24,8:00,17:00
10012,11/08/24,8:10,17:00
10012,11/11/24,8:05,17:00
10012,11/12/24,8:00,17:00
10012,11/13/24,8:00,17:00
10012,11/14/24,8:05,17:00
10012,11/15/24,8:10,17:00
10012,11/18/24,8:00,17:00
10012,11/19/24,8:05,17:00
10012,11/20/24,8:00,17:00
10012,11/21/24,8:00,17:00
10012,12/02/24,8:05,17:00
10012,12/03/24,8:00,17:00
10012,12/04/24,8:00,17:00
10012,12/05/24,8:05,17:00
10012,12/06/24,8:00,17:00
10012,12/09/24,8:10,17:00
10012,12/10/24,8:05,17:00
10012,12/11/24,8:00,17:00
10012,12/12/24,8:00,17:00
10012,12/13/24,8:05,17:00
10012,12/16/24,8:10,17:00
10012,12/17/24,8:00,17:00
10012,12/18/24,8:05,17:00
10012,12/19/24,8:00,17:00
10012,12/20/24,8:00,17:00
10013,06/03/24,8:05,17:00
10013,06/04/24,8:00,17:00
10013,06/05/24,8:00,17:00
10013,06/06/24,8:05,17:00
10013,06/07/24,8:00,17:00
10013,06/10/24,8:10,17:00
10013,06/11/24,8:05,17:00
10013,06/12/24,8:00,17:00
10013,06/13/24,8:00,17:00
10013,06/14/24,8:05,17:00
10013,06/17/24,8:10,17:00
10013,06/18/24,8:00,17:00
10013,06/19/24,8:05,17:00
10013,06/20/24,8:00,17:00
10013,06/21/24,8:00,17:00
10013,07/01/24,8:05,17:00
10013,07/02/24,8:00,17:00
10013,07/03/24,8:00,17:00
10013,07/04/24,8:05,17:00
10013,07/05/24,8:00,17:00
10013,07/08/24,8:10,17:00
10013,07/09/24,8:05,17:00
10013,07/10/24,8:00,17:00
10013,07/11/24,8:00,17:00
10013,07/12/24,8:05,17:00
10013,07/15/24,8:10,17:00
10013,07/16/24,8:00,17:00
10013,07/17/24,8:05,17:00
10013,07/18/24,8:00,17:00
10013,07/19/24,8:00,17:00
10013,08/01/24,8:05,17:00
10013,08/02/24,8:00,17:00
10013,08/05/24,8:00,17:00
10013,08/06/24,8:05,17:00
10013,08/07/24,8:00,17:00
10013,08/08/24,8:10,17:00
10013,08/09/24,8:05,17:00
10013,08/12/24,8:00,17:00
10013,08/13/24,8:00,17:00
10013,08/14/24,8:05,17:00
10013,08/15/24,8:10,17:00
10013,08/16/24,8:00,17:00
10013,08/19/24,8:05,17:00
10013,08/20/24,8:00,17:00
10013,08/21/24,8:00,17:00
10013,09/02/24,8:05,17:00
10013,09/03/24,8:00,17:00
10013,09/04/24,8:00,17:00
10013,09/05/24,8:05,17:00
10013,09/06/24,8:00,17:00
10013,09/09/24,8:10,17:00
10013,09/10/24,8:05,17:00
10013,09/11/24,8:00,17:00
10013,09/12/24,8:00,17:00
10013,09/13/24,8:05,17:00
10013,09/16/24,8:10,17:00
10013,09/17/24,8:00,17:00
10013,09/18/24,8:05,17:00
10013,09/19/24,8:00,17:00
10013,09/20/24,8:00,17:00
10013,10/01/24,8:05,17:00
10013,10/02/24,8:00,17:00
10013,10/03/24,8:00,17:00
10013,10/04/24,8:05,17:00
10013,10/07/24,8:00,17:00
10013,10/08/24,8:10,17:00
10013,10/09/24,8:05,17:00
10013,10/10/24,8:00,17:00
10013,10/11/24,8:00,17:00
10013,10/14/24,8:05,17:00
10013,10/15/24,8:10,17:00
10013,10/16/24,8:00,17:00
10013,10/17/24,8:05,17:00
10013,10/18/24,8:00,17:00
10013,10/21/24,8:00,17:00
10013,11/01/24,8:05,17:00
10013,11/04/24,8:00,17:00
10013,11/05/24,8:00,17:00
10013,11/06/24,8:05,17:00
10013,11/07/24,8:00,17:00
10013,11/08/24,8:10,17:00
10013,11/11/24,8:05,17:00
10013,11/12/24,8:00,17:00
10013,11/13/24,8:00,17:00
10013,11/14/24,8:05,17:00
10013,11/15/24,8:10,17:00
10013,11/18/24,8:00,17:00
10013,11/19/24,8:05,17:00
10013,11/20/24,8:00,17:00
10013,11/21/24,8:00,17:00
10013,12/02/24,8:05,17:00
10013,12/03/24,8:00,17:00
10013,12/04/24,8:00,17:00
10013,12/05/24,8:05,17:00
10013,12/06/24,8:00,17:00
10013,12/09/24,8:10,17:00
10013,12/10/24,8:05,17:00
10013,12/11/24,8:00,17:00
10013,12/12/24,8:00,17:00
10013,12/13/24,8:05,17:00
10013,12/16/24,8:10,17:00
10013,12/17/24,8:00,17:00
10013,12/18/24,8:05,17:00
10013,12/19/24,8:00,17:00
10013,12/20/24,8:00,17:00
10014,06/03/24,8:05,17:00
10014,06/04/24,8:00,17:00
10014,06/05/24,8:00,17:00
10014,06/06/24,8:05,17:00
10014,06/07/24,8:00,17:00
10014,06/10/24,8:10,17:00
10014,06/11/24,8:05,17:00
10014,06/12/24,8:00,17:00
10014,06/13/24,8:00,17:00
10014,06/14/24,8:05,17:00
10014,06/17/24,8:10,17:00
10014,06/18/24,8:00,17:00
10014,06/19/24,8:05,17:00
10014,06/20/24,8:00,17:00
10014,06/21/24,8:00,17:00
10014,07/01/24,8:05,17:00
10014,07/02/24,8:00,17:00
10014,07/03/24,8:00,17:00
10014,07/04/24,8:05,17:00
10014,07/05/24,8:00,17:00
10014,07/08/24,8:10,17:00
10014,07/09/24,8:05,17:00
10014,07/10/24,8:00,17:00
10014,07/11/24,8:00,17:00
10014,07/12/24,8:05,17:00
10014,07/15/24,8:10,17:00
10014,07/16/24,8:00,17:00
10014,07/17/24,8:05,17:00
10014,07/18/24,8:00,17:00
10014,07/19/24,8:00,17:00
10014,08/01/24,8:05,17:00
10014,08/02/24,8:00,17:00
10014,08/05/24,8:00,17:00
10014,08/06/24,8:05,17:00
10014,08/07/24,8:00,17:00
10014,08/08/24,8:10,17:00
10014,08/09/24,8:05,17:00
10014,08/12/24,8:00,17:00
10014,08/13/24,8:00,17:00
10014,08/14/24,8:05,17:00
10014,08/15/24,8:10,17:00
10014,08/16/24,8:00,17:00
10014,08/19/24,8:05,17:00
10014,08/20/24,8:00,17:00
10014,08/21/24,8:00,17:00
10014,09/02/24,8:05,17:00
10014,09/03/24,8:00,17:00
10014,09/04/24,8:00,17:00
10014,09/05/24,8:05,17:00
10014,09/06/24,8:00,17:00
10014,09/09/24,8:10,17:00
10014,09/10/24,8:05,17:00
10014,09/11/24,8:00,17:00
10014,09/12/24,8:00,17:00
10014,09/13/24,8:05,17:00
10014,09/16/24,8:10,17:00
10014,09/17/24,8:00,17:00
10014,09/18/24,8:05,17:00
10014,09/19/24,8:00,17:00
10014,09/20/24,8:00,17:00
10014,10/01/24,8:05,17:00
10014,10/02/24,8:00,17:00
10014,10/03/24,8:00,17:00
10014,10/04/24,8:05,17:00
10014,10/07/24,8:00,17:00
10014,10/08/24,8:10,17:00
10014,10/09/24,8:05,17:00
10014,10/10/24,8:00,17:00
10014,10/11/24,8:00,17:00
10014,10/14/24,8:05,17:00
10014,10/15/24,8:10,17:00
10014,10/16/24,8:00,17:00
10014,10/17/24,8:05,17:00
10014,10/18/24,8:00,17:00
10014,10/21/24,8:00,17:00
10014,11/01/24,8:05,17:00
10014,11/04/24,8:00,17:00
10014,11/05/24,8:00,17:00
10014,11/06/24,8:05,17:00
10014,11/07/24,8:00,17:00
10014,11/08/24,8:10,17:00
10014,11/11/24,8:05,17:00
10014,11/12/24,8:00,17:00
10014,11/13/24,8:00,17:00
10014,11/14/24,8:05,17:00
10014,11/15/24,8:10,17:00
10014,11/18/24,8:00,17:00
10014,11/19/24,8:05,17:00
10014,11/20/24,8:00,17:00
10014,11/21/24,8:00,17:00
10014,12/02/24,8:05,17:00
10014,12/03/24,8:00,17:00
10014,12/04/24,8:00,17:00
10014,12/05/24,8:05,17:00
10014,12/06/24,8:00,17:00
10014,12/09/24,8:10,17:00
10014,12/10/24,8:05,17:00
10014,12/11/24,8:00,17:00
10014,12/12/24,8:00,17:00
10014,12/13/24,8:05,17:00
10014,12/16/24,8:10,17:00
10014,12/17/24,8:00,17:00
10014,12/18/24,8:05,17:00
10014,12/19/24,8:00,17:00
10014,12/20/24,8:00,17:00
10015,06/03/24,8:05,17:00
10015,06/04/24,8:00,17:00
10015,06/05/24,8:00,17:00
10015,06/06/24,8:05,17:00
10015,06/07/24,8:00,17:00
10015,06/10/24,8:10,17:00
10015,06/11/24,8:05,17:00
10015,06/12/24,8:00,17:00
10015,06/13/24,8:00,17:00
10015,06/14/24,8:05,17:00
10015,06/17/24,8:10,17:00
10015,06/18/24,8:00,17:00
10015,06/19/24,8:05,17:00
10015,06/20/24,8:00,17:00
10015,06/21/24,8:00,17:00
10015,07/01/24,8:05,17:00
10015,07/02/24,8:00,17:00
10015,07/03/24,8:00,17:00
10015,07/04/24,8:05,17:00
10015,07/05/24,8:00,17:00
10015,07/08/24,8:10,17:00
10015,07/09/24,8:05,17:00
10015,07/10/24,8:00,17:00
10015,07/11/24,8:00,17:00
10015,07/12/24,8:05,17:00
10015,07/15/24,8:10,17:00
10015,07/16/24,8:00,17:00
10015,07/17/24,8:05,17:00
10015,07/18/24,8:00,17:00
10015,07/19/24,8:00,17:00
10015,08/01/24,8:05,17:00
10015,08/02/24,8:00,17:00
10015,08/05/24,8:00,17:00
10015,08/06/24,8:05,17:00
10015,08/07/24,8:00,17:00
10015,08/08/24,8:10,17:00
10015,08/09/24,8:05,17:00
10015,08/12/24,8:00,17:00
10015,08/13/24,8:00,17:00
10015,08/14/24,8:05,17:00
10015,08/15/24,8:10,17:00
10015,08/16/24,8:00,17:00
10015,08/19/24,8:05,17:00
10015,08/20/24,8:00,17:00
10015,08/21/24,8:00,17:00
10015,09/02/24,8:05,17:00
10015,09/03/24,8:00,17:00
10015,09/04/24,8:00,17:00
10015,09/05/24,8:05,17:00
10015,09/06/24,8:00,17:00
10015,09/09/24,8:10,17:00
10015,09/10/24,8:05,17:00
10015,09/11/24,8:00,17:00
10015,09/12/24,8:00,17:00
10015,09/13/24,8:05,17:00
10015,09/16/24,8:10,17:00
10015,09/17/24,8:00,17:00
10015,09/18/24,8:05,17:00
10015,09/19/24,8:00,17:00
10015,09/20/24,8:00,17:00
10015,10/01/24,8:05,17:00
10015,10/02/24,8:00,17:00
10015,10/03/24,8:00,17:00
10015,10/04/24,8:05,17:00
10015,10/07/24,8:00,17:00
10015,10/08/24,8:10,17:00
10015,10/09/24,8:05,17:00
10015,10/10/24,8:00,17:00
10015,10/11/24,8:00,17:00
10015,10/14/24,8:05,17:00
10015,10/15/24,8:10,17:00
10015,10/16/24,8:00,17:00
10015,10/17/24,8:05,17:00
10015,10/18/24,8:00,17:00
10015,10/21/24,8:00,17:00
10015,11/01/24,8:05,17:00
10015,11/04/24,8:00,17:00
10015,11/05/24,8:00,17:00
10015,11/06/24,8:05,17:00
10015,11/07/24,8:00,17:00
10015,11/08/24,8:10,17:00
10015,11/11/24,8:05,17:00
10015,11/12/24,8:00,17:00
10015,11/13/24,8:00,17:00
10015,11/14/24,8:05,17:00
10015,11/15/24,8:10,17:00
10015,11/18/24,8:00,17:00
10015,11/19/24,8:05,17:00
10015,11/20/24,8:00,17:00
10015,11/21/24,8:00,17:00
10015,12/02/24,8:05,17:00
10015,12/03/24,8:00,17:00
10015,12/04/24,8:00,17:00
10015,12/05/24,8:05,17:00
10015,12/06/24,8:00,17:00
10015,12/09/24,8:10,17:00
10015,12/10/24,8:05,17:00
10015,12/11/24,8:00,17:00
10015,12/12/24,8:00,17:00
10015,12/13/24,8:05,17:00
10015,12/16/24,8:10,17:00
10015,12/17/24,8:00,17:00
10015,12/18/24,8:05,17:00
10015,12/19/24,8:00,17:00
10015,12/20/24,8:00,17:00
10016,06/03/24,8:05,17:00
10016,06/04/24,8:00,17:00
10016,06/05/24,8:00,17:00
10016,06/06/24,8:05,17:00
10016,06/07/24,8:00,17:00
10016,06/10/24,8:10,17:00
10016,06/11/24,8:05,17:00
10016,06/12/24,8:00,17:00
10016,06/13/24,8:00,17:00
10016,06/14/24,8:05,17:00
10016,06/17/24,8:10,17:00
10016,06/18/24,8:00,17:00
10016,06/19/24,8:05,17:00
10016,06/20/24,8:00,17:00
10016,06/21/24,8:00,17:00
10016,07/01/24,8:05,17:00
10016,07/02/24,8:00,17:00
10016,07/03/24,8:00,17:00
10016,07/04/24,8:05,17:00
10016,07/05/24,8:00,17:00
10016,07/08/24,8:10,17:00
10016,07/09/24,8:05,17:00
10016,07/10/24,8:00,17:00
10016,07/11/24,8:00,17:00
10016,07/12/24,8:05,17:00
10016,07/15/24,8:10,17:00
10016,07/16/24,8:00,17:00
10016,07/17/24,8:05,17:00
10016,07/18/24,8:00,17:00
10016,07/19/24,8:00,17:00
10016,08/01/24,8:05,17:00
10016,08/02/24,8:00,17:00
10016,08/05/24,8:00,17:00
10016,08/06/24,8:05,17:00
10016,08/07/24,8:00,17:00
10016,08/08/24,8:10,17:00
10016,08/09/24,8:05,17:00
10016,08/12/24,8:00,17:00
10016,08/13/24,8:00,17:00
10016,08/14/24,8:05,17:00
10016,08/15/24,8:10,17:00
10016,08/16/24,8:00,17:00
10016,08/19/24,8:05,17:00
10016,08/20/24,8:00,17:00
10016,08/21/24,8:00,17:00
10016,09/02/24,8:05,17:00
10016,09/03/24,8:00,17:00
10016,09/04/24,8:00,17:00
10016,09/05/24,8:05,17:00
10016,09/06/24,8:00,17:00
10016,09/09/24,8:10,17:00
10016,09/10/24,8:05,17:00
10016,09/11/24,8:00,17:00
10016,09/12/24,8:00,17:00
10016,09/13/24,8:05,17:00
10016,09/16/24,8:10,17:00
10016,09/17/24,8:00,17:00
10016,09/18/24,8:05,17:00
10016,09/19/24,8:00,17:00
10016,09/20/24,8:00,17:00
10016,10/01/24,8:05,17:00
10016,10/02/24,8:00,17:00
10016,10/03/24,8:00,17:00
10016,10/04/24,8:05,17:00
10016,10/07/24,8:00,17:00
10016,10/08/24,8:10,17:00
10016,10/09/24,8:05,17:00
10016,10/10/24,8:00,17:00
10016,10/11/24,8:00,17:00
10016,10/14/24,8:05,17:00
10016,10/15/24,8:10,17:00
10016,10/16/24,8:00,17:00
10016,10/17/24,8:05,17:00
10016,10/18/24,8:00,17:00
10016,10/21/24,8:00,17:00
10016,11/01/24,8:05,17:00
10016,11/04/24,8:00,17:00
10016,11/05/24,8:00,17:00
10016,11/06/24,8:05,17:00
10016,11/07/24,8:00,17:00
10016,11/08/24,8:10,17:00
10016,11/11/24,8:05,17:00
10016,11/12/24,8:00,17:00
10016,11/13/24,8:00,17:00
10016,11/14/24,8:05,17:00
10016,11/15/24,8:10,17:00
10016,11/18/24,8:00,17:00
10016,11/19/24,8:05,17:00
10016,11/20/24,8:00,17:00
10016,11/21/24,8:00,17:00
10016,12/02/24,8:05,17:00
10016,12/03/24,8:00,17:00
10016,12/04/24,8:00,17:00
10016,12/05/24,8:05,17:00
10016,12/06/24,8:00,17:00
10016,12/09/24,8:10,17:00
10016,12/10/24,8:05,17:00
10016,12/11/24,8:00,17:00
10016,12/12/24,8:00,17:00
10016,12/13/24,8:05,17:00
10016,12/16/24,8:10,17:00
10016,12/17/24,8:00,17:00
10016,12/18/24,8:05,17:00
10016,12/19/24,8:00,17:00
10016,12/20/24,8:00,17:00
10017,06/03/24,8:05,17:00
10017,06/04/24,8:00,17:00
10017,06/05/24,8:00,17:00
10017,06/06/24,8:05,17:00
10017,06/07/24,8:00,17:00
10017,06/10/24,8:10,17:00
10017,06/11/24,8:05,17:00
10017,06/12/24,8:00,17:00
10017,06/13/24,8:00,17:00
10017,06/14/24,8:05,17:00
10017,06/17/24,8:10,17:00
10017,06/18/24,8:00,17:00
10017,06/19/24,8:05,17:00
10017,06/20/24,8:00,17:00
10017,06/21/24,8:00,17:00
10017,07/01/24,8:05,17:00
10017,07/02/24,8:00,17:00
10017,07/03/24,8:00,17:00
10017,07/04/24,8:05,17:00
10017,07/05/24,8:00,17:00
10017,07/08/24,8:10,17:00
10017,07/09/24,8:05,17:00
10017,07/10/24,8:00,17:00
10017,07/11/24,8:00,17:00
10017,07/12/24,8:05,17:00
10017,07/15/24,8:10,17:00
10017,07/16/24,8:00,17:00
10017,07/17/24,8:05,17:00
10017,07/18/24,8:00,17:00
10017,07/19/24,8:00,17:00
10017,08/01/24,8:05,17:00
10017,08/02/24,8:00,17:00
10017,08/05/24,8:00,17:00
10017,08/06/24,8:05,17:00
10017,08/07/24,8:00,17:00
10017,08/08/24,8:10,17:00
10017,08/09/24,8:05,17:00
10017,08/12/24,8:00,17:00
10017,08/13/24,8:00,17:00
10017,08/14/24,8:05,17:00
10017,08/15/24,8:10,17:00
10017,08/16/24,8:00,17:00
10017,08/19/24,8:05,17:00
10017,08/20/24,8:00,17:00
10017,08/21/24,8:00,17:00
10017,09/02/24,8:05,17:00
10017,09/03/24,8:00,17:00
10017,09/04/24,8:00,17:00
10017,09/05/24,8:05,17:00
10017,09/06/24,8:00,17:00
10017,09/09/24,8:10,17:00
10017,09/10/24,8:05,17:00
10017,09/11/24,8:00,17:00
10017,09/12/24,8:00,17:00
10017,09/13/24,8:05,17:00
10017,09/16/24,8:10,17:00
10017,09/17/24,8:00,17:00
10017,09/18/24,8:05,17:00
10017,09/19/24,8:00,17:00
10017,09/20/24,8:00,17:00
10017,10/01/24,8:05,17:00
10017,10/02/24,8:00,17:00
10017,10/03/24,8:00,17:00
10017,10/04/24,8:05,17:00
10017,10/07/24,8:00,17:00
10017,10/08/24,8:10,17:00
10017,10/09/24,8:05,17:00
10017,10/10/24,8:00,17:00
10017,10/11/24,8:00,17:00
10017,10/14/24,8:05,17:00
10017,10/15/24,8:10,17:00
10017,10/16/24,8:00,17:00
10017,10/17/24,8:05,17:00
10017,10/18/24,8:00,17:00
10017,10/21/24,8:00,17:00
10017,11/01/24,8:05,17:00
10017,11/04/24,8:00,17:00
10017,11/05/24,8:00,17:00
10017,11/06/24,8:05,17:00
10017,11/07/24,8:00,17:00
10017,11/08/24,8:10,17:00
10017,11/11/24,8:05,17:00
10017,11/12/24,8:00,17:00
10017,11/13/24,8:00,17:00
10017,11/14/24,8:05,17:00
10017,11/15/24,8:10,17:00
10017,11/18/24,8:00,17:00
10017,11/19/24,8:05,17:00
10017,11/20/24,8:00,17:00
10017,11/21/24,8:00,17:00
10017,12/02/24,8:05,17:00
10017,12/03/24,8:00,17:00
10017,12/04/24,8:00,17:00
10017,12/05/24,8:05,17:00
10017,12/06/24,8:00,17:00
10017,12/09/24,8:10,17:00
10017,12/10/24,8:05,17:00
10017,12/11/24,8:00,17:00
10017,12/12/24,8:00,17:00
10017,12/13/24,8:05,17:00
10017,12/16/24,8:10,17:00
10017,12/17/24,8:00,17:00
10017,12/18/24,8:05,17:00
10017,12/19/24,8:00,17:00
10017,12/20/24,8:00,17:00
10018,06/03/24,8:05,17:00
10018,06/04/24,8:00,17:00
10018,06/05/24,8:00,17:00
10018,06/06/24,8:05,17:00
10018,06/07/24,8:00,17:00
10018,06/10/24,8:10,17:00
10018,06/11/24,8:05,17:00
10018,06/12/24,8:00,17:00
10018,06/13/24,8:00,17:00
10018,06/14/24,8:05,17:00
10018,06/17/24,8:10,17:00
10018,06/18/24,8:00,17:00
10018,06/19/24,8:05,17:00
10018,06/20/24,8:00,17:00
10018,06/21/24,8:00,17:00
10018,07/01/24,8:05,17:00
10018,07/02/24,8:00,17:00
10018,07/03/24,8:00,17:00
10018,07/04/24,8:05,17:00
10018,07/05/24,8:00,17:00
10018,07/08/24,8:10,17:00
10018,07/09/24,8:05,17:00
10018,07/10/24,8:00,17:00
10018,07/11/24,8:00,17:00
10018,07/12/24,8:05,17:00
10018,07/15/24,8:10,17:00
10018,07/16/24,8:00,17:00
10018,07/17/24,8:05,17:00
10018,07/18/24,8:00,17:00
10018,07/19/24,8:00,17:00
10018,08/01/24,8:05,17:00
10018,08/02/24,8:00,17:00
10018,08/05/24,8:00,17:00
10018,08/06/24,8:05,17:00
10018,08/07/24,8:00,17:00
10018,08/08/24,8:10,17:00
10018,08/09/24,8:05,17:00
10018,08/12/24,8:00,17:00
10018,08/13/24,8:00,17:00
10018,08/14/24,8:05,17:00
10018,08/15/24,8:10,17:00
10018,08/16/24,8:00,17:00
10018,08/19/24,8:05,17:00
10018,08/20/24,8:00,17:00
10018,08/21/24,8:00,17:00
10018,09/02/24,8:05,17:00
10018,09/03/24,8:00,17:00
10018,09/04/24,8:00,17:00
10018,09/05/24,8:05,17:00
10018,09/06/24,8:00,17:00
10018,09/09/24,8:10,17:00
10018,09/10/24,8:05,17:00
10018,09/11/24,8:00,17:00
10018,09/12/24,8:00,17:00
10018,09/13/24,8:05,17:00
10018,09/16/24,8:10,17:00
10018,09/17/24,8:00,17:00
10018,09/18/24,8:05,17:00
10018,09/19/24,8:00,17:00
10018,09/20/24,8:00,17:00
10018,10/01/24,8:05,17:00
10018,10/02/24,8:00,17:00
10018,10/03/24,8:00,17:00
10018,10/04/24,8:05,17:00
10018,10/07/24,8:00,17:00
10018,10/08/24,8:10,17:00
10018,10/09/24,8:05,17:00
10018,10/10/24,8:00,17:00
10018,10/11/24,8:00,17:00
10018,10/14/24,8:05,17:00
10018,10/15/24,8:10,17:00
10018,10/16/24,8:00,17:00
10018,10/17/24,8:05,17:00
10018,10/18/24,8:00,17:00
10018,10/21/24,8:00,17:00
10018,11/01/24,8:05,17:00
10018,11/04/24,8:00,17:00
10018,11/05/24,8:00,17:00
10018,11/06/24,8:05,17:00
10018,11/07/24,8:00,17:00
10018,11/08/24,8:10,17:00
10018,11/11/24,8:05,17:00
10018,11/12/24,8:00,17:00
10018,11/13/24,8:00,17:00
10018,11/14/24,8:05,17:00
10018,11/15/24,8:10,17:00
10018,11/18/24,8:00,17:00
10018,11/19/24,8:05,17:00
10018,11/20/24,8:00,17:00
10018,11/21/24,8:00,17:00
10018,12/02/24,8:05,17:00
10018,12/03/24,8:00,17:00
10018,12/04/24,8:00,17:00
10018,12/05/24,8:05,17:00
10018,12/06/24,8:00,17:00
10018,12/09/24,8:10,17:00
10018,12/10/24,8:05,17:00
10018,12/11/24,8:00,17:00
10018,12/12/24,8:00,17:00
10018,12/13/24,8:05,17:00
10018,12/16/24,8:10,17:00
10018,12/17/24,8:00,17:00
10018,12/18/24,8:05,17:00
10018,12/19/24,8:00,17:00
10018,12/20/24,8:00,17:00
10019,06/03/24,8:05,17:00
10019,06/04/24,8:00,17:00
10019,06/05/24,8:00,17:00
10019,06/06/24,8:05,17:00
10019,06/07/24,8:00,17:00
10019,06/10/24,8:10,17:00
10019,06/11/24,8:05,17:00
10019,06/12/24,8:00,17:00
10019,06/13/24,8:00,17:00
10019,06/14/24,8:05,17:00
10019,06/17/24,8:10,17:00
10019,06/18/24,8:00,17:00
10019,06/19/24,8:05,17:00
10019,06/20/24,8:00,17:00
10019,06/21/24,8:00,17:00
10019,07/01/24,8:05,17:00
10019,07/02/24,8:00,17:00
10019,07/03/24,8:00,17:00
10019,07/04/24,8:05,17:00
10019,07/05/24,8:00,17:00
10019,07/08/24,8:10,17:00
10019,07/09/24,8:05,17:00
10019,07/10/24,8:00,17:00
10019,07/11/24,8:00,17:00
10019,07/12/24,8:05,17:00
10019,07/15/24,8:10,17:00
10019,07/16/24,8:00,17:00
10019,07/17/24,8:05,17:00
10019,07/18/24,8:00,17:00
10019,07/19/24,8:00,17:00
10019,08/01/24,8:05,17:00
10019,08/02/24,8:00,17:00
10019,08/05/24,8:00,17:00
10019,08/06/24,8:05,17:00
10019,08/07/24,8:00,17:00
10019,08/08/24,8:10,17:00
10019,08/09/24,8:05,17:00
10019,08/12/24,8:00,17:00
10019,08/13/24,8:00,17:00
10019,08/14/24,8:05,17:00
10019,08/15/24,8:10,17:00
10019,08/16/24,8:00,17:00
10019,08/19/24,8:05,17:00
10019,08/20/24,8:00,17:00
10019,08/21/24,8:00,17:00
10019,09/02/24,8:05,17:00
10019,09/03/24,8:00,17:00
10019,09/04/24,8:00,17:00
10019,09/05/24,8:05,17:00
10019,09/06/24,8:00,17:00
10019,09/09/24,8:10,17:00
10019,09/10/24,8:05,17:00
10019,09/11/24,8:00,17:00
10019,09/12/24,8:00,17:00
10019,09/13/24,8:05,17:00
10019,09/16/24,8:10,17:00
10019,09/17/24,8:00,17:00
10019,09/18/24,8:05,17:00
10019,09/19/24,8:00,17:00
10019,09/20/24,8:00,17:00
10019,10/01/24,8:05,17:00
10019,10/02/24,8:00,17:00
10019,10/03/24,8:00,17:00
10019,10/04/24,8:05,17:00
10019,10/07/24,8:00,17:00
10019,10/08/24,8:10,17:00
10019,10/09/24,8:05,17:00
10019,10/10/24,8:00,17:00
10019,10/11/24,8:00,17:00
10019,10/14/24,8:05,17:00
10019,10/15/24,8:10,17:00
10019,10/16/24,8:00,17:00
10019,10/17/24,8:05,17:00
10019,10/18/24,8:00,17:00
10019,10/21/24,8:00,17:00
10019,11/01/24,8:05,17:00
10019,11/04/24,8:00,17:00
10019,11/05/24,8:00,17:00
10019,11/06/24,8:05,17:00
10019,11/07/24,8:00,17:00
10019,11/08/24,8:10,17:00
10019,11/11/24,8:05,17:00
10019,11/12/24,8:00,17:00
10019,11/13/24,8:00,17:00
10019,11/14/24,8:05,17:00
10019,11/15/24,8:10,17:00
10019,11/18/24,8:00,17:00
10019,11/19/24,8:05,17:00
10019,11/20/24,8:00,17:00
10019,11/21/24,8:00,17:00
10019,12/02/24,8:05,17:00
10019,12/03/24,8:00,17:00
10019,12/04/24,8:00,17:00
10019,12/05/24,8:05,17:00
10019,12/06/24,8:00,17:00
10019,12/09/24,8:10,17:00
10019,12/10/24,8:05,17:00
10019,12/11/24,8:00,17:00
10019,12/12/24,8:00,17:00
10019,12/13/24,8:05,17:00
10019,12/16/24,8:10,17:00
10019,12/17/24,8:00,17:00
10019,12/18/24,8:05,17:00
10019,12/19/24,8:00,17:00
10019,12/20/24,8:00,17:00
